ID, duration,start,stop,wav,clean_wav,noisy_wav,s1_wav,s2_wav,mix_wav,target,spk_id,ali,phn,char,wrd,text,transcript,semantics
spk1_snt1,2.87,0,16000,samples/audio_samples/nn_training_samples/spk1_snt1.wav,samples/audio_samples/nn_training_samples/spk1_snt1.wav,samples/audio_samples/nn_training_samples/spk1_snt1.wav,samples/audio_samples/nn_training_samples/spk1_snt1.wav,samples/audio_samples/nn_training_samples/spk1_snt1.wav,samples/audio_samples/nn_training_samples/spk1_snt1.wav,samples/audio_samples/nn_training_samples/spk1_snt1.wav,spk1,samples/audio_samples/nn_training_samples/spk1_snt1.pkl,dh ax cl ch ay l vcl d ao l m ow s cl t hh er cl t sil dh ax s m ao l vcl d ao vcl,t h e c h i l d a l m o s t h u r t t h e s m a l l d o g ,the child almost hurt the small dog,the child almost hurt the small dog,the child almost hurt the small dog,{[this is a fake semantics]}
spk1_snt2,3.15,0,16000,samples/audio_samples/nn_training_samples/spk1_snt2.wav,samples/audio_samples/nn_training_samples/spk1_snt2.wav,samples/audio_samples/nn_training_samples/spk1_snt2.wav,samples/audio_samples/nn_training_samples/spk1_snt2.wav,samples/audio_samples/nn_training_samples/spk1_snt2.wav,samples/audio_samples/nn_training_samples/spk1_snt2.wav,samples/audio_samples/nn_training_samples/spk1_snt2.wav,spk1,samples/audio_samples/nn_training_samples/spk1_snt2.pkl,vcl d r aa cl p dh ax cl t uw sil w eh n y uw ae vcl d dh ax f ih vcl g y er,d r o p t h e t u e w h e n y o u a d d t h e f i g u r e s,drop the tue when you add the figures,drop the tue when you add the figures,drop the tue when you add the figures,{[this is a fake semantics]}
spk1_snt3,2.72,0,16000,samples/audio_samples/nn_training_samples/spk1_snt3.wav,samples/audio_samples/nn_training_samples/spk1_snt3.wav,samples/audio_samples/nn_training_samples/spk1_snt3.wav,samples/audio_samples/nn_training_samples/spk1_snt3.wav,samples/audio_samples/nn_training_samples/spk1_snt3.wav,samples/audio_samples/nn_training_samples/spk1_snt3.wav,samples/audio_samples/nn_training_samples/spk1_snt3.wav,spk1,samples/audio_samples/nn_training_samples/spk1_snt3.pkl,ae cl t dh ae cl t hh ay l eh v ax l dh iy eh r ih z cl p y uh,A t t h a t h i g h l e v e l t h e a i r i s p u r e,at that high level the air is pure,at that high level the air is pure,at that high level the air is pure,{[this is a fake semantics]}
spk1_snt4,2.53,0,16000,samples/audio_samples/nn_training_samples/spk1_snt4.wav,samples/audio_samples/nn_training_samples/spk1_snt4.wav,samples/audio_samples/nn_training_samples/spk1_snt4.wav,samples/audio_samples/nn_training_samples/spk1_snt4.wav,samples/audio_samples/nn_training_samples/spk1_snt4.wav,samples/audio_samples/nn_training_samples/spk1_snt4.wav,samples/audio_samples/nn_training_samples/spk1_snt4.wav,spk1,samples/audio_samples/nn_training_samples/spk1_snt4.pkl,ey th ih n s cl t r ay cl p r ah n z vcl d aw n dh ax m ih vcl d ax,a t h i n s t r i p e r u n s d o w n  t h e m i d d l e,a thing stripe runs down the middle,a thing stripe runs down the middle,a thing stripe runs down the middle,{[this is a fake semantics]}
spk2_snt1,2.01,0,16000,samples/audio_samples/nn_training_samples/spk2_snt1.wav,samples/audio_samples/nn_training_samples/spk2_snt1.wav,samples/audio_samples/nn_training_samples/spk2_snt1.wav,samples/audio_samples/nn_training_samples/spk2_snt1.wav,samples/audio_samples/nn_training_samples/spk2_snt1.wav,samples/audio_samples/nn_training_samples/spk2_snt1.wav,samples/audio_samples/nn_training_samples/spk2_snt1.wav,spk2,samples/audio_samples/nn_training_samples/spk2_snt1.pkl,w iy er sh ao r dh ax dx w ah n w ao r ih z ih n ah,w e a r e  s u r e t h a t o n e w o r e i s e n o u g h,we are sure that one wore is enough,we are sure that one wore is enough,we are sure that one wore is enough,{[this is another fake semantics]}
spk2_snt2,1.76,0,16000,samples/audio_samples/nn_training_samples/spk2_snt2.wav,samples/audio_samples/nn_training_samples/spk2_snt2.wav,samples/audio_samples/nn_training_samples/spk2_snt2.wav,samples/audio_samples/nn_training_samples/spk2_snt2.wav,samples/audio_samples/nn_training_samples/spk2_snt2.wav,samples/audio_samples/nn_training_samples/spk2_snt2.wav,samples/audio_samples/nn_training_samples/spk2_snt2.wav,spk2,samples/audio_samples/nn_training_samples/spk2_snt2.pkl,w ah cl t vcl jh oy dh eh r ih z ih n l ih v ih,w h a t j o y t h e r e i s i n l i v i n g,what joy there is in living,what joy there is in living,what joy there is in living,{[this is another fake semantics]}
spk2_snt3,1.88,0,16000,samples/audio_samples/nn_training_samples/spk2_snt3.wav,samples/audio_samples/nn_training_samples/spk2_snt3.wav,samples/audio_samples/nn_training_samples/spk2_snt3.wav,samples/audio_samples/nn_training_samples/spk2_snt3.wav,samples/audio_samples/nn_training_samples/spk2_snt3.wav,samples/audio_samples/nn_training_samples/spk2_snt3.wav,samples/audio_samples/nn_training_samples/spk2_snt3.wav,spk2,samples/audio_samples/nn_training_samples/spk2_snt3.pkl,t eh r ah th ih n sh iy cl t f er m dh iy y eh l ow cl p ae vcl,t h e r a t I n s h I p  f r o m t h e y a l l o w p a v,the rat in ship from the yellow pav,the rat in ship from the yellow pav,the rat in ship from the yellow pav,{[this is another fake semantics]}
spk2_snt4,2.04,0,16000,samples/audio_samples/nn_training_samples/spk2_snt4.wav,samples/audio_samples/nn_training_samples/spk2_snt4.wav,samples/audio_samples/nn_training_samples/spk2_snt4.wav,samples/audio_samples/nn_training_samples/spk2_snt4.wav,samples/audio_samples/nn_training_samples/spk2_snt4.wav,samples/audio_samples/nn_training_samples/spk2_snt4.wav,samples/audio_samples/nn_training_samples/spk2_snt4.wav,spk2,samples/audio_samples/nn_training_samples/spk2_snt4.pkl,m eh n vcl d dh ax cl k ow cl t vcl b ih f ao r y uw vcl g ow aw cl,m e n t h e c o w t b e f o r e y o u g o o u t,men the cow before you go out,men the cow before you go out,men the cow before you go out,{[this is another fake semantics]}
